[
  {
    "city": "Chicago",
    "name": "Cyclones",
    "abbreviation": "CHI",
    "conference": "Nova",
    "division": "North",
    "id": "9071ee2a-2258-4b3f-bec0-0c75a45723e1"
  },
  {
    "city": "Dallas",
    "name": "Outlaws",
    "abbreviation": "DAL",
    "conference": "Nova",
    "division": "East",
    "id": "a9bc86bd-0db5-4882-8826-d2ec6551eac3"
  },
  {
    "city": "Miami",
    "name": "Tritons",
    "abbreviation": "MIA",
    "conference": "Atlas",
    "division": "East",
    "id": "55934342-594b-4d88-8299-db566a66f6f1"
  },
  {
    "city": "New York",
    "name": "Empire",
    "abbreviation": "NY",
    "conference": "Nova",
    "division": "East",
    "id": "0244d3f2-1b3a-4eab-9c63-1c0cec6b3875"
  },
  {
    "city": "San Francisco",
    "name": "Surge",
    "abbreviation": "SF",
    "conference": "Nova",
    "division": "West",
    "id": "474950c7-b7e1-473c-a467-8e37fd336371"
  },
  {
    "city": "Tennessee",
    "name": "Renegades",
    "abbreviation": "TEN",
    "conference": "Atlas",
    "division": "South",
    "id": "4e97f344-7859-4aba-9852-38de4c83887f"
  },
  {
    "city": "Las Vegas",
    "name": "Vipers",
    "abbreviation": "LV",
    "conference": "Atlas",
    "division": "West",
    "id": "101b4487-5311-40fa-978a-fc3a9f2fc03f"
  },
  {
    "city": "Atlanta",
    "name": "Flight",
    "abbreviation": "ATL",
    "conference": "Nova",
    "division": "South",
    "id": "6b1ccb24-7e4a-42b6-b95d-8f2803fffa86"
  },
  {
    "city": "Boston",
    "name": "Redcoats",
    "abbreviation": "BOS",
    "conference": "Atlas",
    "division": "East",
    "id": "6d779fed-4c90-42f9-a643-905e8e6b1719"
  },
  {
    "city": "Houston",
    "name": "Stampede",
    "abbreviation": "HOU",
    "conference": "Atlas",
    "division": "South",
    "id": "3a378a1d-4b6d-4a6b-8bfb-13a64d97cec1"
  },
  {
    "city": "Los Angeles",
    "name": "Paladins",
    "abbreviation": "LA",
    "conference": "Nova",
    "division": "West",
    "id": "1b070eab-c8da-44ad-88a8-6ffe5aa1bfef"
  },
  {
    "city": "Philadelphia",
    "name": "Liberty",
    "abbreviation": "PHI",
    "conference": "Nova",
    "division": "East",
    "id": "4614751f-dc06-489d-be80-ed58d150d7fa"
  },
  {
    "city": "Phoenix",
    "name": "Inferno",
    "abbreviation": "PHX",
    "conference": "Atlas",
    "division": "West",
    "id": "2729a97c-b678-48ea-b8f6-cc2566cd3826"
  },
  {
    "city": "Detroit",
    "name": "Mechanics",
    "abbreviation": "DET",
    "conference": "Nova",
    "division": "North",
    "id": "5b4be9bd-30f0-48e9-9b17-233435ba345f"
  },
  {
    "city": "Seattle",
    "name": "Eclipse",
    "abbreviation": "SEA",
    "conference": "Nova",
    "division": "West",
    "id": "7d730ed7-9f76-4846-9436-49a6dd076aa3"
  },
  {
    "city": "Denver",
    "name": "Bighorns",
    "abbreviation": "DEN",
    "conference": "Atlas",
    "division": "West",
    "id": "f5751460-a399-4728-a6a4-89a5f658d627"
  },
  {
    "city": "Cleveland",
    "name": "Vanguards",
    "abbreviation": "CLE",
    "conference": "Atlas",
    "division": "North",
    "id": "db673179-be24-43a8-93ad-957bf1f24b18"
  },
  {
    "city": "Orlando",
    "name": "Stingrays",
    "abbreviation": "ORL",
    "conference": "Nova",
    "division": "South",
    "id": "ea5515b9-83c1-4fe6-a0cf-76fd99b4d7c9"
  },
  {
    "city": "Minnesota",
    "name": "Mammoths",
    "abbreviation": "MIN",
    "conference": "Nova",
    "division": "North",
    "id": "426200e4-c6c3-44c8-a1de-34f79e167a67"
  },
  {
    "city": "Baltimore",
    "name": "Knights",
    "abbreviation": "BAL",
    "conference": "Atlas",
    "division": "East",
    "id": "ddc60877-cdca-493e-87ef-46073803a295"
  },
  {
    "city": "New Orleans",
    "name": "Specters",
    "abbreviation": "NO",
    "conference": "Atlas",
    "division": "South",
    "id": "5d63bda8-3bf0-41b7-a25c-40582dd4bfd5"
  },
  {
    "city": "Indianapolis",
    "name": "Racers",
    "abbreviation": "IND",
    "conference": "Atlas",
    "division": "South",
    "id": "92461428-7eb1-40fb-b791-20a09625f27a"
  },
  {
    "city": "Cincinnati",
    "name": "Sabers",
    "abbreviation": "CIN",
    "conference": "Atlas",
    "division": "North",
    "id": "1f836933-fcc8-4cb1-a6e9-6030699dc9ef"
  },
  {
    "city": "Kansas City",
    "name": "Kings",
    "abbreviation": "KC",
    "conference": "Atlas",
    "division": "North",
    "id": "49b6b218-53ba-47a8-a9d5-d5df3bf9aa33"
  },
  {
    "city": "Charlotte",
    "name": "Stingers",
    "abbreviation": "CHA",
    "conference": "Nova",
    "division": "South",
    "id": "f0ccb571-86cc-4d58-b0af-fb7716c60c26"
  },
  {
    "city": "Tampa Bay",
    "name": "Sharks",
    "abbreviation": "TB",
    "conference": "Nova",
    "division": "South",
    "id": "3ff0460e-26f2-4f90-ae9e-2d70f6538f16"
  },
  {
    "city": "Pittsburgh",
    "name": "Ironmen",
    "abbreviation": "PIT",
    "conference": "Atlas",
    "division": "North",
    "id": "a18e27a6-2d37-4f5d-a6fd-4f6bc590cacb"
  },
  {
    "city": "Washington",
    "name": "Generals",
    "abbreviation": "WAS",
    "conference": "Nova",
    "division": "East",
    "id": "968bf32f-58d8-4fe6-bf62-29be7ba7b10d"
  },
  {
    "city": "Green Bay",
    "name": "Lumberjacks",
    "abbreviation": "GB",
    "conference": "Nova",
    "division": "North",
    "id": "1419ff70-56fb-43ea-8b0f-eb1a3c242141"
  },
  {
    "city": "Buffalo",
    "name": "Blizzard",
    "abbreviation": "BUF",
    "conference": "Atlas",
    "division": "East",
    "id": "781724f7-d149-4ecb-9a78-bcd5084ca060"
  },
  {
    "city": "San Diego",
    "name": "Armada",
    "abbreviation": "SD",
    "conference": "Atlas",
    "division": "West",
    "id": "6f7379e4-1f4f-46c0-a4a2-7a09d546925f"
  },
  {
    "city": "Portland",
    "name": "Pioneers",
    "abbreviation": "POR",
    "conference": "Nova",
    "division": "West",
    "id": "227cb37b-9cd6-4b0b-aad9-32beeae4c1a0"
  }
]