player,position,age,arc,dev_speed,mutations,speed,acceleration,agility,strength,awareness,iq,stamina,toughness,balance,discipline,consistency,throw_power,throw_accuracy_short,throw_accuracy_mid,throw_accuracy_deep,throw_on_run,pocket_presence,release_time,read_progression,scramble_tendency,throwing_footwork,throw_under_pressure,speed_cap,acceleration_cap,agility_cap,strength_cap,awareness_cap,iq_cap,stamina_cap,toughness_cap,balance_cap,discipline_cap,consistency_cap,throw_power_cap,throw_accuracy_short_cap,throw_accuracy_mid_cap,throw_accuracy_deep_cap,throw_on_run_cap,pocket_presence_cap,release_time_cap,read_progression_cap,scramble_tendency_cap,throwing_footwork_cap,throw_under_pressure_cap,ball_carrier_vision,elusiveness,break_tackle,trucking,carry_security,pass_block,route_running,catching,ball_carrier_vision_cap,elusiveness_cap,break_tackle_cap,trucking_cap,carry_security_cap,pass_block_cap,route_running_cap,catching_cap,catch_in_traffic,spectacular_catch,release,route_running_short,route_running_mid,route_running_deep,separation,run_blocking,catch_in_traffic_cap,spectacular_catch_cap,release_cap,route_running_short_cap,route_running_mid_cap,route_running_deep_cap,separation_cap,run_blocking_cap
QB_1,QB,23,0.0,0.47,,66,75,71,70,71,71,72,65,75,75,75,66,65,71,70,66,68,68,68,73,72,67,89,90,89,94,88,83,96,78,86,85,87,83,80,94,95,91,84,90,79,88,94,77,,,,,,,,,,,,,,,,,,,,,,,,,,,,,,,,
QB_1,QB,24,0.076,0.47,,67.75,76.14,72.37,71.82,72.29,71.91,73.82,65.99,75.84,75.76,75.91,67.29,66.14,72.75,71.9,67.9,69.22,69.67,68.84,74.14,73.67,67.76,89,90,89,94,88,83,96,78,86,85,87,83,80,94,95,91,84,90,79,88,94,77,,,,,,,,,,,,,,,,,,,,,,,,,,,,,,,,
QB_1,QB,25,0.215,0.47,,70.95,78.23,74.87,75.16,74.66,73.58,77.16,67.8,77.37,77.15,77.58,69.66,68.23,75.95,75.38,71.38,71.44,72.73,70.37,76.23,76.73,69.15,89,90,89,94,88,83,96,78,86,85,87,83,80,94,95,91,84,90,79,88,94,77,,,,,,,,,,,,,,,,,,,,,,,,,,,,,,,,
QB_1,QB,26,0.395,0.47,,75.09,80.93,78.11,79.48,77.72,75.74,81.48,70.14,79.35,78.95,79.74,72.72,70.93,80.09,79.88,75.88,74.32,76.69,72.35,78.93,80.69,70.95,89,90,89,94,88,83,96,78,86,85,87,83,80,94,95,91,84,90,79,88,94,77,,,,,,,,,,,,,,,,,,,,,,,,,,,,,,,,
QB_1,QB,27,0.608,0.47,,79.99,84.12,81.95,84.6,81.34,78.3,86.6,72.91,81.69,81.08,82.3,76.34,74.12,84.99,85.21,81.21,77.73,81.38,74.69,82.12,85.38,73.08,89,90,89,94,88,83,96,78,86,85,87,83,80,94,95,91,84,90,79,88,94,77,,,,,,,,,,,,,,,,,,,,,,,,,,,,,,,,
QB_1,QB,28,0.85,0.47,,85.55,87.75,86.3,90.4,85.45,81.2,92.4,76.05,84.35,83.5,85.2,80.45,77.75,90.55,91.25,87.25,81.6,86.7,77.35,85.75,90.7,75.5,89,90,89,94,88,83,96,78,86,85,87,83,80,94,95,91,84,90,79,88,94,77,,,,,,,,,,,,,,,,,,,,,,,,,,,,,,,,
QB_1,QB,29,0.843,0.47,,85.39,87.65,86.17,90.23,85.33,81.12,92.23,75.96,84.27,83.43,85.12,80.33,77.65,90.39,91.08,87.08,81.49,86.55,77.27,85.65,90.55,75.43,89,90,89,94,88,83,96,78,86,85,87,83,80,94,95,91,84,90,79,88,94,77,,,,,,,,,,,,,,,,,,,,,,,,,,,,,,,,
QB_1,QB,30,0.85,0.47,,85.54,87.75,86.29,90.39,85.44,81.2,92.39,76.05,84.35,83.5,85.2,80.44,77.75,90.54,91.24,87.24,81.59,86.69,77.35,85.75,90.69,75.5,89,90,89,94,88,83,96,78,86,85,87,83,80,94,95,91,84,90,79,88,94,77,,,,,,,,,,,,,,,,,,,,,,,,,,,,,,,,
QB_1,QB,31,0.818,0.47,,84.81,87.27,85.72,89.63,84.9,80.81,91.63,75.63,83.99,83.18,84.81,79.9,77.27,89.81,90.44,86.44,81.08,85.99,76.99,85.27,89.99,75.18,89,90,89,94,88,83,96,78,86,85,87,83,80,94,95,91,84,90,79,88,94,77,,,,,,,,,,,,,,,,,,,,,,,,,,,,,,,,
QB_1,QB,32,0.822,0.47,,84.9,87.33,85.79,89.72,84.97,80.86,91.72,75.68,84.04,83.22,84.86,79.97,77.33,89.9,90.54,86.54,81.15,86.08,77.04,85.33,90.08,75.22,89,90,89,94,88,83,96,78,86,85,87,83,80,94,95,91,84,90,79,88,94,77,,,,,,,,,,,,,,,,,,,,,,,,,,,,,,,,
QB_1,QB,33,0.737,0.47,,82.95,86.05,84.27,87.69,83.53,79.84,89.69,74.58,83.11,82.37,83.84,78.53,76.05,87.95,88.42,84.42,79.79,84.21,76.11,84.05,88.21,74.37,89,90,89,94,88,83,96,78,86,85,87,83,80,94,95,91,84,90,79,88,94,77,,,,,,,,,,,,,,,,,,,,,,,,,,,,,,,,
QB_1,QB,34,0.664,0.47,,81.27,84.96,82.95,85.94,82.29,78.97,87.94,73.63,82.31,81.64,82.97,77.29,74.96,86.27,86.6,82.6,78.63,82.61,75.31,82.96,86.61,73.64,89,90,89,94,88,83,96,78,86,85,87,83,80,94,95,91,84,90,79,88,94,77,,,,,,,,,,,,,,,,,,,,,,,,,,,,,,,,
QB_1,QB,35,0.581,0.47,,79.36,83.72,81.46,83.95,80.88,77.97,85.95,72.55,81.39,80.81,81.97,75.88,73.72,84.36,84.53,80.53,77.3,80.78,74.39,81.72,84.78,72.81,89,90,89,94,88,83,96,78,86,85,87,83,80,94,95,91,84,90,79,88,94,77,,,,,,,,,,,,,,,,,,,,,,,,,,,,,,,,
QB_1,QB,36,0.54,0.47,,78.42,83.1,80.72,82.96,80.18,77.48,84.96,72.02,80.94,80.4,81.48,75.18,73.1,83.42,83.5,79.5,76.64,79.88,73.94,81.1,83.88,72.4,89,90,89,94,88,83,96,78,86,85,87,83,80,94,95,91,84,90,79,88,94,77,,,,,,,,,,,,,,,,,,,,,,,,,,,,,,,,
QB_1,QB,37,0.507,0.47,,77.65,82.6,80.12,82.16,79.61,77.08,84.16,71.58,80.57,80.07,81.08,74.61,72.6,82.65,82.66,78.66,76.1,79.14,73.57,80.6,83.14,72.07,89,90,89,94,88,83,96,78,86,85,87,83,80,94,95,91,84,90,79,88,94,77,,,,,,,,,,,,,,,,,,,,,,,,,,,,,,,,
QB_2,QB,23,0.0,0.529,,69,68,71,74,74,75,70,72,72,72,75,68,73,72,67,75,66,69,73,75,75,74,89,80,88,93,91,91,84,82,83,89,100,80,97,95,83,97,91,91,90,89,85,87,,,,,,,,,,,,,,,,,,,,,,,,,,,,,,,,
QB_2,QB,24,0.191,0.529,,72.81,70.29,74.24,77.62,77.24,78.05,72.67,73.91,74.1,75.24,79.76,70.29,77.57,76.38,70.05,79.19,70.76,73.19,76.24,77.67,76.91,76.48,89,80,88,93,91,91,84,82,83,89,100,80,97,95,83,97,91,91,90,89,85,87,,,,,,,,,,,,,,,,,,,,,,,,,,,,,,,,
QB_2,QB,25,0.539,0.529,,79.78,74.47,80.16,84.24,83.16,83.62,77.54,77.39,77.93,81.16,88.47,74.47,85.93,84.39,75.62,86.86,79.47,80.86,82.16,82.54,80.39,81.01,89,80,88,93,91,91,84,82,83,89,100,80,97,95,83,97,91,91,90,89,85,87,,,,,,,,,,,,,,,,,,,,,,,,,,,,,,,,
QB_2,QB,26,0.99,0.529,,88.8,79.88,87.83,92.81,90.83,90.84,83.86,81.9,82.89,88.83,99.75,79.88,96.76,94.77,82.84,96.78,90.75,90.78,89.83,88.86,84.9,86.87,89,80,88,93,91,91,84,82,83,89,100,80,97,95,83,97,91,91,90,89,85,87,,,,,,,,,,,,,,,,,,,,,,,,,,,,,,,,
QB_2,QB,27,1.019,0.529,,89,80,88,93,91,91,84,82,83,89,100,80,97,95,83,97,91,91,90,89,85,87,89,80,88,93,91,91,84,82,83,89,100,80,97,95,83,97,91,91,90,89,85,87,,,,,,,,,,,,,,,,,,,,,,,,,,,,,,,,
QB_2,QB,28,0.99,0.529,,88.8,79.88,87.83,92.81,90.83,90.84,83.86,81.9,82.89,88.83,99.76,79.88,96.77,94.78,82.84,96.78,90.76,90.78,89.83,88.86,84.9,86.87,89,80,88,93,91,91,84,82,83,89,100,80,97,95,83,97,91,91,90,89,85,87,,,,,,,,,,,,,,,,,,,,,,,,,,,,,,,,
QB_2,QB,29,1.028,0.529,,89,80,88,93,91,91,84,82,83,89,100,80,97,95,83,97,91,91,90,89,85,87,89,80,88,93,91,91,84,82,83,89,100,80,97,95,83,97,91,91,90,89,85,87,,,,,,,,,,,,,,,,,,,,,,,,,,,,,,,,
QB_2,QB,30,1.007,0.529,,89,80,88,93,91,91,84,82,83,89,100,80,97,95,83,97,91,91,90,89,85,87,89,80,88,93,91,91,84,82,83,89,100,80,97,95,83,97,91,91,90,89,85,87,,,,,,,,,,,,,,,,,,,,,,,,,,,,,,,,
QB_2,QB,31,1.05,0.529,,89,80,88,93,91,91,84,82,83,89,100,80,97,95,83,97,91,91,90,89,85,87,89,80,88,93,91,91,84,82,83,89,100,80,97,95,83,97,91,91,90,89,85,87,,,,,,,,,,,,,,,,,,,,,,,,,,,,,,,,
QB_2,QB,32,0.968,0.529,,88.37,79.62,87.46,92.4,90.46,90.49,83.56,81.68,82.65,88.46,99.21,79.62,96.24,94.27,82.49,96.3,90.21,90.3,89.46,88.56,84.68,86.59,89,80,88,93,91,91,84,82,83,89,100,80,97,95,83,97,91,91,90,89,85,87,,,,,,,,,,,,,,,,,,,,,,,,,,,,,,,,
QB_2,QB,33,0.888,0.529,,86.75,78.65,86.09,90.87,89.09,89.2,82.43,80.88,81.76,87.09,97.19,78.65,94.3,92.42,81.2,94.53,88.19,88.53,88.09,87.43,83.88,85.54,89,80,88,93,91,91,84,82,83,89,100,80,97,95,83,97,91,91,90,89,85,87,,,,,,,,,,,,,,,,,,,,,,,,,,,,,,,,
QB_2,QB,34,0.88,0.529,,86.61,78.57,85.97,90.73,88.97,89.09,82.33,80.8,81.68,86.97,97.01,78.57,94.13,92.25,81.09,94.37,88.01,88.37,87.97,87.33,83.8,85.45,89,80,88,93,91,91,84,82,83,89,100,80,97,95,83,97,91,91,90,89,85,87,,,,,,,,,,,,,,,,,,,,,,,,,,,,,,,,
QB_2,QB,35,0.74,0.529,,83.8,76.88,83.58,88.06,86.58,86.84,80.36,79.4,80.14,84.58,93.5,76.88,90.76,89.02,78.84,91.28,84.5,85.28,85.58,85.36,82.4,83.62,89,80,88,93,91,91,84,82,83,89,100,80,97,95,83,97,91,91,90,89,85,87,,,,,,,,,,,,,,,,,,,,,,,,,,,,,,,,
QB_2,QB,36,0.678,0.529,,82.56,76.14,82.52,86.88,85.52,85.85,79.49,78.78,79.46,83.52,91.95,76.14,89.27,87.59,77.85,89.91,82.95,83.91,84.52,84.49,81.78,82.81,89,80,88,93,91,91,84,82,83,89,100,80,97,95,83,97,91,91,90,89,85,87,,,,,,,,,,,,,,,,,,,,,,,,,,,,,,,,
QB_2,QB,37,0.715,0.529,,83.3,76.58,83.16,87.59,86.16,86.44,80.01,79.15,79.87,84.16,92.88,76.58,90.16,88.45,78.44,90.73,83.88,84.73,85.16,85.01,82.15,83.3,89,80,88,93,91,91,84,82,83,89,100,80,97,95,83,97,91,91,90,89,85,87,,,,,,,,,,,,,,,,,,,,,,,,,,,,,,,,
RB_1,RB,23,0.0,0.653,,68,70,69,70,69,74,69,73,65,73,68,,,,,,,,,,,,93,94,79,82,88,91,91,90,84,94,93,,,,,,,,,,,,66,68,71,72,73,68,72,75,87,91,91,93,97,86,91,93,,,,,,,,,,,,,,,,
RB_1,RB,24,0.169,0.653,,72.23,74.06,70.69,72.03,72.22,76.88,72.73,75.88,68.22,76.56,72.23,,,,,,,,,,,,93,94,79,82,88,91,91,90,84,94,93,,,,,,,,,,,,69.56,71.9,74.39,75.56,77.06,71.05,75.22,78.05,87,91,91,93,97,86,91,93,,,,,,,,,,,,,,,,
RB_1,RB,25,0.479,0.653,,79.98,81.5,73.79,75.75,78.1,82.14,79.54,81.14,74.1,83.06,79.98,,,,,,,,,,,,93,94,79,82,88,91,91,90,84,94,93,,,,,,,,,,,,76.06,79.02,80.58,82.06,84.5,76.62,81.1,83.62,87,91,91,93,97,86,91,93,,,,,,,,,,,,,,,,
RB_1,RB,26,0.88,0.653,,90.0,91.12,77.8,80.56,85.72,88.96,88.36,87.96,81.72,91.48,90.0,,,,,,,,,,,,93,94,79,82,88,91,91,90,84,94,93,,,,,,,,,,,,84.48,88.24,88.6,90.48,94.12,83.84,88.72,90.84,87,91,91,93,97,86,91,93,,,,,,,,,,,,,,,,
RB_1,RB,27,0.894,0.653,,90.36,91.47,77.94,80.73,86.0,89.21,88.68,88.21,82.0,91.78,90.36,,,,,,,,,,,,93,94,79,82,88,91,91,90,84,94,93,,,,,,,,,,,,84.78,88.57,88.89,90.78,94.47,84.1,89.0,91.1,87,91,91,93,97,86,91,93,,,,,,,,,,,,,,,,
RB_1,RB,28,0.839,0.653,,88.99,90.15,77.39,80.07,84.95,88.27,87.47,87.27,80.95,90.63,88.99,,,,,,,,,,,,93,94,79,82,88,91,91,90,84,94,93,,,,,,,,,,,,83.63,87.31,87.79,89.63,93.15,83.11,87.95,90.11,87,91,91,93,97,86,91,93,,,,,,,,,,,,,,,,
RB_1,RB,29,0.988,0.653,,92.71,93.72,78.88,81.86,87.78,90.8,90.74,89.8,83.78,93.75,92.71,,,,,,,,,,,,93,94,79,82,88,91,91,90,84,94,93,,,,,,,,,,,,86.75,90.73,90.76,92.75,96.72,85.79,90.78,92.79,87,91,91,93,97,86,91,93,,,,,,,,,,,,,,,,
RB_1,RB,30,0.862,0.653,,89.56,90.7,77.62,80.35,85.39,88.66,87.97,87.66,81.39,91.11,89.56,,,,,,,,,,,,93,94,79,82,88,91,91,90,84,94,93,,,,,,,,,,,,84.11,87.83,88.25,90.11,93.7,83.52,88.39,90.52,87,91,91,93,97,86,91,93,,,,,,,,,,,,,,,,
RB_1,RB,31,0.811,0.653,,88.28,89.47,77.11,79.74,84.41,87.79,86.85,86.79,80.41,90.04,88.28,,,,,,,,,,,,93,94,79,82,88,91,91,90,84,94,93,,,,,,,,,,,,83.04,86.66,87.23,89.04,92.47,82.6,87.41,89.6,87,91,91,93,97,86,91,93,,,,,,,,,,,,,,,,
RB_1,RB,32,0.884,0.653,,90.11,91.22,77.84,80.61,85.8,89.03,88.45,88.03,81.8,91.57,90.11,,,,,,,,,,,,93,94,79,82,88,91,91,90,84,94,93,,,,,,,,,,,,84.57,88.34,88.69,90.57,94.22,83.92,88.8,90.92,87,91,91,93,97,86,91,93,,,,,,,,,,,,,,,,
RB_1,RB,33,0.911,0.653,,90.77,91.86,78.11,80.93,86.31,89.48,89.04,88.48,82.31,92.13,90.77,,,,,,,,,,,,93,94,79,82,88,91,91,90,84,94,93,,,,,,,,,,,,85.13,88.95,89.22,91.13,94.86,84.4,89.31,91.4,87,91,91,93,97,86,91,93,,,,,,,,,,,,,,,,
RB_1,RB,34,0.693,0.653,,85.32,86.63,75.93,78.32,82.17,85.78,84.25,84.78,78.17,87.55,85.32,,,,,,,,,,,,93,94,79,82,88,91,91,90,84,94,93,,,,,,,,,,,,80.55,83.94,84.86,86.55,89.63,80.47,85.17,87.47,87,91,91,93,97,86,91,93,,,,,,,,,,,,,,,,
RB_1,RB,35,0.57,0.653,,82.24,83.67,74.7,76.84,79.82,83.68,81.53,82.68,75.82,84.96,82.24,,,,,,,,,,,,93,94,79,82,88,91,91,90,84,94,93,,,,,,,,,,,,77.96,81.1,82.39,83.96,86.67,78.25,82.82,85.25,87,91,91,93,97,86,91,93,,,,,,,,,,,,,,,,
RB_1,RB,36,0.55,0.653,,81.75,83.2,74.5,76.6,79.45,83.35,81.1,82.35,75.45,84.55,81.75,,,,,,,,,,,,93,94,79,82,88,91,91,90,84,94,93,,,,,,,,,,,,77.55,80.65,82.0,83.55,86.2,77.9,82.45,84.9,87,91,91,93,97,86,91,93,,,,,,,,,,,,,,,,
RB_1,RB,37,0.496,0.653,,80.41,81.91,73.96,75.96,78.43,82.44,79.92,81.44,74.43,83.42,80.41,,,,,,,,,,,,93,94,79,82,88,91,91,90,84,94,93,,,,,,,,,,,,76.42,79.42,80.93,82.42,84.91,76.93,81.43,83.93,87,91,91,93,97,86,91,93,,,,,,,,,,,,,,,,
RB_2,RB,23,0.0,0.69,EliteVision,75,67,72,69,73,69,71,72,72,68,72,,,,,,,,,,,,93,90,92,87,83,88,90,97,86,92,97,,,,,,,,,,,,73,67,71,68,74,73,67,66,94,87,93,92,94,89,84,88,,,,,,,,,,,,,,,,
RB_2,RB,24,0.96,0.69,EliteVision,92.28,89.08,91.2,86.28,82.6,87.24,89.24,96.0,85.44,91.04,96.0,,,,,,,,,,,,93,90,92,87,83,88,90,97,86,92,97,,,,,,,,,,,,93.16,86.2,92.12,91.04,93.2,88.36,83.32,87.12,94,87,93,92,94,89,84,88,,,,,,,,,,,,,,,,
RB_2,RB,25,0.926,0.69,EliteVision,91.67,88.31,90.53,85.67,82.26,86.6,88.6,95.16,84.97,90.23,95.16,,,,,,,,,,,,93,90,92,87,83,88,90,97,86,92,97,,,,,,,,,,,,92.45,85.53,91.38,90.23,92.53,87.82,82.75,86.38,94,87,93,92,94,89,84,88,,,,,,,,,,,,,,,,
RB_2,RB,26,0.957,0.69,EliteVision,92.23,89.02,91.15,86.23,82.57,87.19,89.19,95.93,85.4,90.98,95.93,,,,,,,,,,,,93,90,92,87,83,88,90,97,86,92,97,,,,,,,,,,,,93.1,86.15,92.06,90.98,93.15,88.32,83.27,87.06,94,87,93,92,94,89,84,88,,,,,,,,,,,,,,,,
RB_2,RB,27,0.999,0.69,EliteVision,92.99,89.98,91.98,86.99,82.99,87.98,89.98,96.98,85.99,91.98,96.98,,,,,,,,,,,,93,90,92,87,83,88,90,97,86,92,97,,,,,,,,,,,,93.98,86.98,92.98,91.98,93.98,88.99,83.99,87.98,94,87,93,92,94,89,84,88,,,,,,,,,,,,,,,,
RB_2,RB,28,0.905,0.69,EliteVision,91.3,87.82,90.11,85.3,82.05,86.2,88.2,94.63,84.68,89.73,94.63,,,,,,,,,,,,93,90,92,87,83,88,90,97,86,92,97,,,,,,,,,,,,92.01,85.11,90.92,89.73,92.11,87.49,82.39,85.92,94,87,93,92,94,89,84,88,,,,,,,,,,,,,,,,
RB_2,RB,29,0.874,0.69,EliteVision,90.74,87.11,89.49,84.74,81.74,85.61,87.61,93.86,84.24,88.98,93.86,,,,,,,,,,,,93,90,92,87,83,88,90,97,86,92,97,,,,,,,,,,,,91.36,84.49,90.24,88.98,91.49,86.99,81.86,85.24,94,87,93,92,94,89,84,88,,,,,,,,,,,,,,,,
RB_2,RB,30,0.817,0.69,EliteVision,89.71,85.8,88.34,83.71,81.17,84.53,86.53,92.43,83.44,87.61,92.43,,,,,,,,,,,,93,90,92,87,83,88,90,97,86,92,97,,,,,,,,,,,,90.16,83.34,88.98,87.61,90.34,86.08,80.89,83.98,94,87,93,92,94,89,84,88,,,,,,,,,,,,,,,,
RB_2,RB,31,0.787,0.69,EliteVision,89.16,85.09,87.73,83.16,80.87,83.94,85.94,91.66,83.01,86.88,91.66,,,,,,,,,,,,93,90,92,87,83,88,90,97,86,92,97,,,,,,,,,,,,89.52,82.73,88.3,86.88,89.73,85.59,80.37,83.3,94,87,93,92,94,89,84,88,,,,,,,,,,,,,,,,
RB_2,RB,32,0.687,0.69,EliteVision,87.37,82.8,85.74,81.37,79.87,82.05,84.05,89.17,81.62,84.49,89.17,,,,,,,,,,,,93,90,92,87,83,88,90,97,86,92,97,,,,,,,,,,,,87.43,80.74,86.11,84.49,87.74,83.99,78.68,81.11,94,87,93,92,94,89,84,88,,,,,,,,,,,,,,,,
RB_2,RB,33,0.695,0.69,EliteVision,87.51,82.99,85.9,81.51,79.95,82.21,84.21,89.38,81.73,84.68,89.38,,,,,,,,,,,,93,90,92,87,83,88,90,97,86,92,97,,,,,,,,,,,,87.6,80.9,86.29,84.68,87.9,84.12,78.82,81.29,94,87,93,92,94,89,84,88,,,,,,,,,,,,,,,,
RB_2,RB,34,0.623,0.69,EliteVision,86.21,81.33,84.46,80.21,79.23,80.83,82.83,87.57,80.72,82.95,87.57,,,,,,,,,,,,93,90,92,87,83,88,90,97,86,92,97,,,,,,,,,,,,86.08,79.46,84.7,82.95,86.46,82.97,77.59,79.7,94,87,93,92,94,89,84,88,,,,,,,,,,,,,,,,
RB_2,RB,35,0.559,0.69,EliteVision,85.07,79.86,83.18,79.07,78.59,79.63,81.63,85.98,79.83,81.42,85.98,,,,,,,,,,,,93,90,92,87,83,88,90,97,86,92,97,,,,,,,,,,,,84.74,78.18,83.3,81.42,85.18,81.95,76.51,78.3,94,87,93,92,94,89,84,88,,,,,,,,,,,,,,,,
RB_2,RB,36,0.523,0.69,EliteVision,84.42,79.04,82.47,78.42,78.23,78.94,80.94,85.08,79.33,80.56,85.08,,,,,,,,,,,,93,90,92,87,83,88,90,97,86,92,97,,,,,,,,,,,,83.99,77.47,82.51,80.56,84.47,81.37,75.9,77.51,94,87,93,92,94,89,84,88,,,,,,,,,,,,,,,,
RB_2,RB,37,0.404,0.69,EliteVision,82.27,76.29,80.08,76.27,77.04,76.67,78.67,82.1,77.65,77.69,82.1,,,,,,,,,,,,93,90,92,87,83,88,90,97,86,92,97,,,,,,,,,,,,81.48,75.08,79.88,77.69,82.08,79.46,73.87,74.88,94,87,93,92,94,89,84,88,,,,,,,,,,,,,,,,
WR_1,WR,23,0.0,0.837,,66,68,73,67,71,72,70,75,73,71,74,,,,,,,,,,,,87,84,97,91,88,93,83,96,94,82,96,,,,,,,,,,,,,,,,,,,67,,,,,,,,85,71,75,66,72,74,71,69,65,87,88,90,84,90,81,80,85
WR_1,WR,24,0.86,0.837,,84.06,81.76,93.64,87.64,85.62,90.06,81.18,93.06,91.06,80.46,92.92,,,,,,,,,,,,87,84,97,91,88,93,83,96,94,82,96,,,,,,,,,,,,,,,,,,,82.48,,,,,,,,85,84.76,86.18,86.64,82.32,87.76,79.6,78.46,82.2,87,88,90,84,90,81,80,85
WR_1,WR,25,0.886,0.837,,84.61,82.18,94.27,88.27,86.07,90.61,81.52,93.61,91.61,80.75,93.5,,,,,,,,,,,,87,84,97,91,88,93,83,96,94,82,96,,,,,,,,,,,,,,,,,,,82.95,,,,,,,,85,85.18,86.52,87.27,82.64,88.18,79.86,78.75,82.73,87,88,90,84,90,81,80,85
WR_1,WR,26,0.92,0.837,,85.32,82.72,95.08,89.08,86.64,91.32,81.96,94.32,92.32,81.12,94.24,,,,,,,,,,,,87,84,97,91,88,93,83,96,94,82,96,,,,,,,,,,,,,,,,,,,83.56,,,,,,,,85,85.72,86.96,88.08,83.04,88.72,80.2,79.12,83.4,87,88,90,84,90,81,80,85
WR_1,WR,27,0.768,0.837,,82.14,80.29,91.44,85.44,84.06,88.14,79.99,91.14,89.14,79.45,90.9,,,,,,,,,,,,87,84,97,91,88,93,83,96,94,82,96,,,,,,,,,,,,,,,,,,,80.83,,,,,,,,85,83.29,84.99,84.44,81.22,86.29,78.68,77.45,80.37,87,88,90,84,90,81,80,85
WR_1,WR,28,0.841,0.837,,83.66,81.45,93.18,87.18,85.29,89.66,80.93,92.66,90.66,80.25,92.5,,,,,,,,,,,,87,84,97,91,88,93,83,96,94,82,96,,,,,,,,,,,,,,,,,,,82.14,,,,,,,,85,84.45,85.93,86.18,82.09,87.45,79.41,78.25,81.82,87,88,90,84,90,81,80,85
WR_1,WR,29,0.844,0.837,,83.72,81.5,93.25,87.25,85.34,89.72,80.97,92.72,90.72,80.28,92.56,,,,,,,,,,,,87,84,97,91,88,93,83,96,94,82,96,,,,,,,,,,,,,,,,,,,82.19,,,,,,,,85,84.5,85.97,86.25,82.13,87.5,79.44,78.28,81.88,87,88,90,84,90,81,80,85
WR_1,WR,30,0.895,0.837,,84.8,82.32,94.49,88.49,86.22,90.8,81.64,93.8,91.8,80.85,93.7,,,,,,,,,,,,87,84,97,91,88,93,83,96,94,82,96,,,,,,,,,,,,,,,,,,,83.11,,,,,,,,85,85.32,86.64,87.49,82.74,88.32,79.95,78.85,82.91,87,88,90,84,90,81,80,85
WR_1,WR,31,0.813,0.837,,83.08,81.02,92.52,86.52,84.83,89.08,80.57,92.08,90.08,79.95,91.9,,,,,,,,,,,,87,84,97,91,88,93,83,96,94,82,96,,,,,,,,,,,,,,,,,,,81.64,,,,,,,,85,84.02,85.57,85.52,81.76,87.02,79.13,77.95,81.27,87,88,90,84,90,81,80,85
WR_1,WR,32,0.894,0.837,,84.77,82.3,94.46,88.46,86.2,90.77,81.62,93.77,91.77,80.83,93.67,,,,,,,,,,,,87,84,97,91,88,93,83,96,94,82,96,,,,,,,,,,,,,,,,,,,83.09,,,,,,,,85,85.3,86.62,87.46,82.73,88.3,79.94,78.83,82.88,87,88,90,84,90,81,80,85
WR_1,WR,33,0.777,0.837,,82.32,80.44,91.66,85.66,84.21,88.32,80.11,91.32,89.32,79.55,91.1,,,,,,,,,,,,87,84,97,91,88,93,83,96,94,82,96,,,,,,,,,,,,,,,,,,,80.99,,,,,,,,85,83.44,85.11,84.66,81.33,86.44,78.77,77.55,80.55,87,88,90,84,90,81,80,85
WR_1,WR,34,0.724,0.837,,81.2,79.58,90.37,84.37,83.3,87.2,79.41,90.2,88.2,78.96,89.92,,,,,,,,,,,,87,84,97,91,88,93,83,96,94,82,96,,,,,,,,,,,,,,,,,,,80.03,,,,,,,,85,82.58,84.41,83.37,80.68,85.58,78.24,76.96,79.47,87,88,90,84,90,81,80,85
WR_1,WR,35,0.67,0.837,,80.07,78.72,89.08,83.08,82.39,86.07,78.71,89.07,87.07,78.37,88.74,,,,,,,,,,,,87,84,97,91,88,93,83,96,94,82,96,,,,,,,,,,,,,,,,,,,79.06,,,,,,,,85,81.72,83.71,82.08,80.04,84.72,77.7,76.37,78.4,87,88,90,84,90,81,80,85
WR_1,WR,36,0.578,0.837,,78.13,77.24,86.86,80.86,80.82,84.13,77.51,87.13,85.13,77.35,86.71,,,,,,,,,,,,87,84,97,91,88,93,83,96,94,82,96,,,,,,,,,,,,,,,,,,,77.4,,,,,,,,85,80.24,82.51,79.86,78.93,83.24,76.78,75.35,76.55,87,88,90,84,90,81,80,85
WR_1,WR,37,0.622,0.837,,79.07,77.96,87.94,81.94,81.58,85.07,78.09,88.07,86.07,77.85,87.69,,,,,,,,,,,,87,84,97,91,88,93,83,96,94,82,96,,,,,,,,,,,,,,,,,,,78.2,,,,,,,,85,80.96,83.09,80.94,79.47,83.96,77.22,75.85,77.45,87,88,90,84,90,81,80,85
WR_2,WR,23,0.0,0.777,,73,68,73,73,75,70,66,71,65,71,65,,,,,,,,,,,,92,81,95,83,95,85,90,92,77,94,78,,,,,,,,,,,,,,,,,,,72,,,,,,,,89,66,70,74,71,74,71,75,71,89,92,86,93,93,91,92,91
WR_2,WR,24,0.97,0.777,,91.43,80.61,94.34,82.7,94.4,84.55,89.28,91.37,76.64,93.31,77.61,,,,,,,,,,,,92,81,95,83,95,85,90,92,77,94,78,,,,,,,,,,,,,,,,,,,88.49,,,,,,,,89,88.31,91.34,85.64,92.34,92.43,90.4,91.49,90.4,89,92,86,93,93,91,92,91
WR_2,WR,25,0.985,0.777,,91.72,80.81,94.68,82.85,94.71,84.78,89.65,91.69,76.82,93.66,77.81,,,,,,,,,,,,92,81,95,83,95,85,90,92,77,94,78,,,,,,,,,,,,,,,,,,,88.75,,,,,,,,89,88.66,91.68,85.82,92.68,92.72,90.71,91.75,90.71,89,92,86,93,93,91,92,91
WR_2,WR,26,0.959,0.777,,91.23,80.47,94.11,82.59,94.19,84.39,89.03,91.15,76.51,93.07,77.47,,,,,,,,,,,,92,81,95,83,95,85,90,92,77,94,78,,,,,,,,,,,,,,,,,,,88.31,,,,,,,,89,88.07,91.11,85.51,92.11,92.23,90.19,91.31,90.19,89,92,86,93,93,91,92,91
WR_2,WR,27,0.957,0.777,,91.19,80.45,94.06,82.57,94.15,84.36,88.98,91.1,76.49,93.02,77.45,,,,,,,,,,,,92,81,95,83,95,85,90,92,77,94,78,,,,,,,,,,,,,,,,,,,88.27,,,,,,,,89,88.02,91.06,85.49,92.06,92.19,90.15,91.27,90.15,89,92,86,93,93,91,92,91
WR_2,WR,28,0.953,0.777,,91.11,80.39,93.97,82.53,94.06,84.3,88.88,91.02,76.44,92.92,77.39,,,,,,,,,,,,92,81,95,83,95,85,90,92,77,94,78,,,,,,,,,,,,,,,,,,,88.2,,,,,,,,89,87.92,90.97,85.44,91.97,92.11,90.06,91.2,90.06,89,92,86,93,93,91,92,91
WR_2,WR,29,0.921,0.777,,90.51,79.98,93.27,82.21,93.43,83.82,88.11,90.35,76.06,92.19,76.98,,,,,,,,,,,,92,81,95,83,95,85,90,92,77,94,78,,,,,,,,,,,,,,,,,,,87.66,,,,,,,,89,87.19,90.27,85.06,91.27,91.51,89.43,90.66,89.43,89,92,86,93,93,91,92,91
WR_2,WR,30,0.908,0.777,,90.25,79.8,92.97,82.08,93.16,83.62,87.79,90.06,75.89,91.88,76.8,,,,,,,,,,,,92,81,95,83,95,85,90,92,77,94,78,,,,,,,,,,,,,,,,,,,87.43,,,,,,,,89,86.88,89.97,84.89,90.97,91.25,89.16,90.43,89.16,89,92,86,93,93,91,92,91
WR_2,WR,31,0.832,0.777,,88.82,78.82,91.31,81.32,91.65,82.49,85.98,88.48,74.99,90.15,75.82,,,,,,,,,,,,92,81,95,83,95,85,90,92,77,94,78,,,,,,,,,,,,,,,,,,,86.15,,,,,,,,89,85.15,88.31,83.99,89.31,89.82,87.65,89.15,87.65,89,92,86,93,93,91,92,91
WR_2,WR,32,0.746,0.777,,87.17,77.69,89.4,80.46,89.91,81.18,83.9,86.66,73.95,88.15,74.69,,,,,,,,,,,,92,81,95,83,95,85,90,92,77,94,78,,,,,,,,,,,,,,,,,,,84.68,,,,,,,,89,83.15,86.4,82.95,87.4,88.17,85.91,87.68,85.91,89,92,86,93,93,91,92,91
WR_2,WR,33,0.68,0.777,,85.92,76.84,87.96,79.8,88.6,80.2,82.32,85.28,73.16,86.64,73.84,,,,,,,,,,,,92,81,95,83,95,85,90,92,77,94,78,,,,,,,,,,,,,,,,,,,83.56,,,,,,,,89,81.64,84.96,82.16,85.96,86.92,84.6,86.56,84.6,89,92,86,93,93,91,92,91
WR_2,WR,34,0.673,0.777,,85.78,76.75,87.8,79.73,88.46,80.09,82.15,85.13,73.07,86.48,73.75,,,,,,,,,,,,92,81,95,83,95,85,90,92,77,94,78,,,,,,,,,,,,,,,,,,,83.44,,,,,,,,89,81.48,84.8,82.07,85.8,86.78,84.46,86.44,84.46,89,92,86,93,93,91,92,91
WR_2,WR,35,0.588,0.777,,84.18,75.65,85.94,78.88,86.77,78.83,80.12,83.36,72.06,84.53,72.65,,,,,,,,,,,,92,81,95,83,95,85,90,92,77,94,78,,,,,,,,,,,,,,,,,,,82.0,,,,,,,,89,79.53,82.94,81.06,83.94,85.18,82.77,85.0,82.77,89,92,86,93,93,91,92,91
WR_2,WR,36,0.564,0.777,,83.72,75.33,85.41,78.64,86.28,78.46,79.54,82.85,71.77,83.98,72.33,,,,,,,,,,,,92,81,95,83,95,85,90,92,77,94,78,,,,,,,,,,,,,,,,,,,81.59,,,,,,,,89,78.98,82.41,80.77,83.41,84.72,82.28,84.59,82.28,89,92,86,93,93,91,92,91
WR_2,WR,37,0.458,0.777,,81.71,73.96,83.08,77.58,84.17,76.88,77.0,80.63,70.5,81.54,70.96,,,,,,,,,,,,92,81,95,83,95,85,90,92,77,94,78,,,,,,,,,,,,,,,,,,,79.79,,,,,,,,89,76.54,80.08,79.5,81.08,82.71,80.17,82.79,80.17,89,92,86,93,93,91,92,91
