[
  {
    "city": "Chicago",
    "name": "Cyclones",
    "abbreviation": "CHI",
    "conference": "Nova",
    "division": "North"
  },
  {
    "city": "Dallas",
    "name": "Outlaws",
    "abbreviation": "DAL",
    "conference": "Nova",
    "division": "East"
  },
  {
    "city": "Miami",
    "name": "Tritons",
    "abbreviation": "MIA",
    "conference": "Atlas",
    "division": "East"
  },
  {
    "city": "New York",
    "name": "Empire",
    "abbreviation": "NY",
    "conference": "Nova",
    "division": "East"
  },
  {
    "city": "San Francisco",
    "name": "Surge",
    "abbreviation": "SF",
    "conference": "Nova",
    "division": "West"
  },
  {
    "city": "Tennessee",
    "name": "Renegades",
    "abbreviation": "TEN",
    "conference": "Atlas",
    "division": "South"
  },
  {
    "city": "Las Vegas",
    "name": "Vipers",
    "abbreviation": "LV",
    "conference": "Atlas",
    "division": "West"
  },
  {
    "city": "Atlanta",
    "name": "Flight",
    "abbreviation": "ATL",
    "conference": "Nova",
    "division": "South"
  },
  {
    "city": "Boston",
    "name": "Redcoats",
    "abbreviation": "BOS",
    "conference": "Atlas",
    "division": "East"
  },
  {
    "city": "Houston",
    "name": "Stampede",
    "abbreviation": "HOU",
    "conference": "Atlas",
    "division": "South"
  },
  {
    "city": "Los Angeles",
    "name": "Paladins",
    "abbreviation": "LA",
    "conference": "Nova",
    "division": "West"
  },
  {
    "city": "Philadelphia",
    "name": "Liberty",
    "abbreviation": "PHI",
    "conference": "Nova",
    "division": "East"
  },
  {
    "city": "Phoenix",
    "name": "Inferno",
    "abbreviation": "PHX",
    "conference": "Atlas",
    "division": "West"
  },
  {
    "city": "Detroit",
    "name": "Mechanics",
    "abbreviation": "DET",
    "conference": "Nova",
    "division": "North"
  },
  {
    "city": "Seattle",
    "name": "Eclipse",
    "abbreviation": "SEA",
    "conference": "Nova",
    "division": "West"
  },
  {
    "city": "Denver",
    "name": "Bighorns",
    "abbreviation": "DEN",
    "conference": "Atlas",
    "division": "West"
  },
  {
    "city": "Cleveland",
    "name": "Vanguards",
    "abbreviation": "CLE",
    "conference": "Atlas",
    "division": "North"
  },
  {
    "city": "Orlando",
    "name": "Stingrays",
    "abbreviation": "ORL",
    "conference": "Nova",
    "division": "South"
  },
  {
    "city": "Minnesota",
    "name": "Mammoths",
    "abbreviation": "MIN",
    "conference": "Nova",
    "division": "North"
  },
  {
    "city": "Baltimore",
    "name": "Knights",
    "abbreviation": "BAL",
    "conference": "Atlas",
    "division": "East"
  },
  {
    "city": "New Orleans",
    "name": "Specters",
    "abbreviation": "NO",
    "conference": "Atlas",
    "division": "South"
  },
  {
    "city": "Indianapolis",
    "name": "Racers",
    "abbreviation": "IND",
    "conference": "Atlas",
    "division": "South"
  },
  {
    "city": "Cincinnati",
    "name": "Sabers",
    "abbreviation": "CIN",
    "conference": "Atlas",
    "division": "North"
  },
  {
    "city": "Kansas City",
    "name": "Kings",
    "abbreviation": "KC",
    "conference": "Atlas",
    "division": "North"
  },
  {
    "city": "Charlotte",
    "name": "Stingers",
    "abbreviation": "CHA",
    "conference": "Nova",
    "division": "South"
  },
  {
    "city": "Tampa Bay",
    "name": "Sharks",
    "abbreviation": "TB",
    "conference": "Nova",
    "division": "South"
  },
  {
    "city": "Pittsburgh",
    "name": "Ironmen",
    "abbreviation": "PIT",
    "conference": "Atlas",
    "division": "North"
  },
  {
    "city": "Washington",
    "name": "Generals",
    "abbreviation": "WAS",
    "conference": "Nova",
    "division": "East"
  },
  {
    "city": "Green Bay",
    "name": "Lumberjacks",
    "abbreviation": "GB",
    "conference": "Nova",
    "division": "North"
  },
  {
    "city": "Buffalo",
    "name": "Blizzard",
    "abbreviation": "BUF",
    "conference": "Atlas",
    "division": "East"
  },
  {
    "city": "San Diego",
    "name": "Armada",
    "abbreviation": "SD",
    "conference": "Atlas",
    "division": "West"
  },
  {
    "city": "Portland",
    "name": "Pioneers",
    "abbreviation": "POR",
    "conference": "Nova",
    "division": "West"
  }
]