{
    "_metadata": {
        "gm_name": "Nolan",
        "team_name": "Nashville Blues",
        "season_year": 2025,
        "current_phase": "Preseason Week 1",
        "save_time": "2025-04-28 16:22:01"
    },
    "game_world": {
        "gm_name": "Nolan",
        "season_year": 2025,
        "team_name": "Nashville Blues",
        "teams": [],
        "players": {},
        "schedule": {},
        "calendar": {
            "current_date": "2025-08-01",
            "season_phase": "Preseason"
        },
        "current_phase": "Preseason Week 1",
        "autosave_frequency": "weekly",
        "team_record": {
            "wins": 0,
            "losses": 0
        }
    }
}