{
  "Nova": {
    "seeds": [
      {
        "team": {
          "team": "CHI",
          "W": 16,
          "L": 14,
          "T": 2,
          "PF": 800,
          "PA": 834
        },
        "seed": 1,
        "record": "N/A"
      },
      {
        "team": {
          "team": "DAL",
          "W": 11,
          "L": 18,
          "T": 2,
          "PF": 679,
          "PA": 778
        },
        "seed": 2,
        "record": "N/A"
      },
      {
        "team": {
          "team": "NY",
          "W": 23,
          "L": 8,
          "T": 1,
          "PF": 884,
          "PA": 713
        },
        "seed": 3,
        "record": "N/A"
      },
      {
        "team": {
          "team": "SF",
          "W": 21,
          "L": 11,
          "T": 0,
          "PF": 850,
          "PA": 754
        },
        "seed": 4,
        "record": "N/A"
      },
      {
        "team": {
          "team": "ATL",
          "W": 17,
          "L": 12,
          "T": 3,
          "PF": 850,
          "PA": 772
        },
        "seed": 5,
        "record": "N/A"
      },
      {
        "team": {
          "team": "LA",
          "W": 14,
          "L": 18,
          "T": 0,
          "PF": 847,
          "PA": 937
        },
        "seed": 6,
        "record": "N/A"
      },
      {
        "team": {
          "team": "PHI",
          "W": 13,
          "L": 17,
          "T": 2,
          "PF": 873,
          "PA": 809
        },
        "seed": 7,
        "record": "N/A"
      }
    ],
    "wildcard": [
      {
        "home": {
          "team": "DAL",
          "W": 11,
          "L": 18,
          "T": 2,
          "PF": 679,
          "PA": 778
        },
        "away": {
          "team": "PHI",
          "W": 13,
          "L": 17,
          "T": 2,
          "PF": 873,
          "PA": 809
        },
        "round": "Wild Card"
      },
      {
        "home": {
          "team": "NY",
          "W": 23,
          "L": 8,
          "T": 1,
          "PF": 884,
          "PA": 713
        },
        "away": {
          "team": "LA",
          "W": 14,
          "L": 18,
          "T": 0,
          "PF": 847,
          "PA": 937
        },
        "round": "Wild Card"
      },
      {
        "home": {
          "team": "SF",
          "W": 21,
          "L": 11,
          "T": 0,
          "PF": 850,
          "PA": 754
        },
        "away": {
          "team": "ATL",
          "W": 17,
          "L": 12,
          "T": 3,
          "PF": 850,
          "PA": 772
        },
        "round": "Wild Card"
      }
    ],
    "divisional": [],
    "conference": []
  },
  "Atlas": {
    "seeds": [
      {
        "team": {
          "team": "MIA",
          "W": 19,
          "L": 12,
          "T": 1,
          "PF": 920,
          "PA": 725
        },
        "seed": 1,
        "record": "N/A"
      },
      {
        "team": {
          "team": "TEN",
          "W": 17,
          "L": 14,
          "T": 1,
          "PF": 856,
          "PA": 844
        },
        "seed": 2,
        "record": "N/A"
      },
      {
        "team": {
          "team": "LV",
          "W": 13,
          "L": 19,
          "T": 0,
          "PF": 873,
          "PA": 941
        },
        "seed": 3,
        "record": "N/A"
      },
      {
        "team": {
          "team": "BOS",
          "W": 19,
          "L": 12,
          "T": 0,
          "PF": 901,
          "PA": 774
        },
        "seed": 4,
        "record": "N/A"
      },
      {
        "team": {
          "team": "HOU",
          "W": 14,
          "L": 17,
          "T": 1,
          "PF": 803,
          "PA": 858
        },
        "seed": 5,
        "record": "N/A"
      },
      {
        "team": {
          "team": "PHX",
          "W": 15,
          "L": 15,
          "T": 0,
          "PF": 775,
          "PA": 826
        },
        "seed": 6,
        "record": "N/A"
      },
      {
        "team": {
          "team": "DEN",
          "W": 11,
          "L": 20,
          "T": 1,
          "PF": 697,
          "PA": 836
        },
        "seed": 7,
        "record": "N/A"
      }
    ],
    "wildcard": [
      {
        "home": {
          "team": "TEN",
          "W": 17,
          "L": 14,
          "T": 1,
          "PF": 856,
          "PA": 844
        },
        "away": {
          "team": "DEN",
          "W": 11,
          "L": 20,
          "T": 1,
          "PF": 697,
          "PA": 836
        },
        "round": "Wild Card"
      },
      {
        "home": {
          "team": "LV",
          "W": 13,
          "L": 19,
          "T": 0,
          "PF": 873,
          "PA": 941
        },
        "away": {
          "team": "PHX",
          "W": 15,
          "L": 15,
          "T": 0,
          "PF": 775,
          "PA": 826
        },
        "round": "Wild Card"
      },
      {
        "home": {
          "team": "BOS",
          "W": 19,
          "L": 12,
          "T": 0,
          "PF": 901,
          "PA": 774
        },
        "away": {
          "team": "HOU",
          "W": 14,
          "L": 17,
          "T": 1,
          "PF": 803,
          "PA": 858
        },
        "round": "Wild Card"
      }
    ],
    "divisional": [],
    "conference": []
  },
  "gridiron_bowl": null
}